Source,Destination,Attacker,Graph

02931272beceed03250c4ae8c1b3f7d3235b7b1c0e79f304345e4cb8e449de5e0f,02d96b23515a63c9a8a5981cc4be539a6eeb60043b2fa1c3fe0940cd0bbfc21d74,030b828fd1e42549fbc2f1d0960ec3663362c41777d3d87fe1b8e1d4bf063abcaa,g10_ignore_bimodal_exponential_filtered_10.pkl

Source,Destination,Attacker,Graph

02e30cfee5d8eb3739e74bb631b5e3e2b523b8a52e92c27ee7137166bd2afbbdfe,02ed981c0082b877fcfb8f9adb829d42067b3089a9f22f8bf4a958c93a667a855e,021f1e6bdf336f7f4ebc7a585d7645ac90be3050e0dd5ab5e814d1d7bef8b897d4,g10_ignore_bimodal_exponential_filtered_100.pkl

Source,Destination,Attacker,Graph

0212287641bcf57063a692a445e0baf08d64d461745ae9708ce538c6e64921b89b,029de70952726208233d08b3fb01c854581328eb56dbbc3e26a5a12b5b47f81adc,0296b2db342fcf87ea94d981757fdf4d3e545bd5cef4919f58b5d38dfdd73bf5c9,g10_ignore_bimodal_exponential_filtered_1000.pkl

Source,Destination,Attacker,Graph

0266d2373283575c2366d1e9bc4e256d5a09bd6980a2d3d7001a59ba35ec540075,023bdd219b85d02da9b3fd679b32a1098c97122767433eb4ba59641514bbcbd694,0294ac3e099def03c12a37e30fe5364b1223fd60069869142ef96580c8439c2e0a,g10_ignore_bimodal_exponential_filtered_10000.pkl

Source,Destination,Attacker,Graph

02d249c1535670475bd8bd6be2dbe51d671a78a6971ae0c00953fee8ec29497711,02def5d3729689f518fd27df41197bb0c846840823539e761fa5dcee80f0ab7a56,03d9231f97a1dccd822ffc58226e9c7f2bec9dac00df4c0ff6c73b3d3f6c6ef6ea,g10_ignore_bimodal_uniform_filtered_10.pkl

Source,Destination,Attacker,Graph

039c19c8c90544baaaa98fd7435e7989b66a0a3c057b34762cde05f3985472ecf6,023d9c506d636d6fb215c3995609447fa2e7b136550884596f8d8cbfbff23b2479,0318ac9faa9629e7da08819bc8fe0dd2ae3044d69b1b2283a63479acffeb968483,g10_ignore_bimodal_exponential_filtered_10.pkl

Source,Destination,Attacker,Graph

022d509049e143b1c5fc5383210acb97a3e5a4b0e0d31dd4c920eee92a4aacd312,03bd9ead4aeeaf45836bf2a907f47a7ff827f223c7c71dedc5c5d963de2a83ffa8,03413cd663b1b622eacb9cd1d5d66237a0c7d934e03684b00c67470f07b8f26657,g10_ignore_bimodal_exponential_filtered_100.pkl

Source,Destination,Attacker,Graph

032ebdae3314f072acd70e66e18572e6ba27f96918009369585e7cdcf36af3cf9e,03df7bae6720ca7b0a2a9e8a4214e8d480c8816c57022a9c435d2bc057266852e1,02a5d937fd2328e1a48fd56769ab6ea810fa9c67bfac233f0ac864494b5442d483,g10_ignore_bimodal_exponential_filtered_1000.pkl

Source,Destination,Attacker,Graph

03534c8e9a5ae623a6190b78a7e292d92b7359fcbcc38452e1d6eee4bb08bb3870,02e7c46735a6a2fcb438bb41cac06414de04d13dadfef261d57c91dc40e2e11119,02cc79b8d771cc79d323bd71e54ef1780cab50e7c0ef2a4beb625fc9dcbbcc6d24,g10_ignore_bimodal_exponential_filtered_10000.pkl

Source,Destination,Attacker,Graph

02461983b5f28d178b6a0507ea85d546a697eb00845b144e1bc9240abf7fa3fa0e,02fb51afb21c6a80c45b0f097c579a02e02478c7c294a9e6b5baebf45d47376bdd,035e4ff418fc8b5554c5d9eea66396c227bd429a3251c8cbc711002ba215bfc226,g10_ignore_bimodal_uniform_filtered_10.pkl

Source,Destination,Attacker,Graph

02e819d753f3ae38d7e5988a04c7985052318037b2e48cb38bad0139d3ae84d143,02a83cd20732a744b7a9bb5515f1bb2d13b9875c16b5417177587b4c14f8426e84,0318ac9faa9629e7da08819bc8fe0dd2ae3044d69b1b2283a63479acffeb968483,g10_ignore_bimodal_uniform_filtered_100.pkl

Source,Destination,Attacker,Graph

027c7a12964353805dda90dc6a3aceb195f8873856d73539c9bdfa73ad3bd691ab,03d337fbdceefe898eb4a79ab50c21286ed9fe2c7c3fd4a8653ea22ea1e5848a2f,02b21ca992bf95e3f324302265ad86cec24f36166fd7afca44efa0809aaa8b25c5,g10_ignore_bimodal_uniform_filtered_1000.pkl

Source,Destination,Attacker,Graph

039dce5f4f268060d7128267caba658a7e8cd0effaeb81f0daeef843ce2b22110d,0289bcc234ca13160eff14214912e4dc7bfc1529cb4ea2c7c71c9ae4848cbc3342,02907887f9bfcc9e83512bfdf40ddfdabcb8569786f11ac3e9c52c42d77da3eb6b,g10_ignore_bimodal_uniform_filtered_10000.pkl

Source,Destination,Attacker,Graph

03e6c2b397d13ade3796babfe58330a3087b08f534b78a97f8e76e85973ca6ab81,03929f54880391fc75b88678fe4388a2f067911c9e75a5640fd9e52a3165efd444,02318623128e26140962b55979de5354d32854a725728ba9760148766333ac2f5b,g10_ignore_filtered_10.pkl

Source,Destination,Attacker,Graph

03576d6f7a662ddb3ba20bf25d6983606e5139f537998ae034a3895bf2d75d084e,028f8de8616847688676c8db4041a52d354e0605d389a40d9d123c70b6d2913d2c,038a9e56512ec98da2b5789761f7af8f280baf98a09282360cd6ff1381b5e889bf,g10_ignore_filtered_100.pkl

Source,Destination,Attacker,Graph

02df3516074a761c01d4ee3f14920dd6577eab3b0da187e24992ac42c5724f1478,021ab948d27645d6f51c7d1c8deac9408788036d3ebbe82fae3cf2d74c05fb3287,02ec20f34bb94460f3d63780dfc24a4d4a1ddabc3bd86c09e1830c5b5db08953e5,g10_ignore_filtered_1000.pkl

Source,Destination,Attacker,Graph

03e713777ba6478811a8281e13d59c59d07030063868653242e1a5f0eb8cf66df0,03d64f062b0477097a5f4082da5c76300462698bf1e76b3f5d6f9fca1ecbee0aa4,02f4c77dcf12255ccf705c18b8d6b95e4f884910bf61e8aa21242607193a79da1b,g10_ignore_filtered_10000.pkl

Source,Destination,Attacker,Graph

034d3a52b36614092f2708f7ad5ceac0cc624e696f463c8b9cba8de4827de2c8dd,039389a69782c16fae4d52100a618db3a3711bfc9b9bf65476a1b2c502443b67af,02aa6b03fcb868cd111d95d5e3679e9ec3b96fd899266beed66463a076e79b06e9,g10_ignore_uniform_filtered_10.pkl

Source,Destination,Attacker,Graph

0387de4ad5d1e8b71406b6e9af8f4f099220e23373713d3250e5c31da9ebf6fafd,03de555f4b2d10cd5e654c2c62ed33478da3127fa88c94f3d12775e9ccc1f6e761,03a64f7487d89355d9d2e8b9e3a4c2242123f1c028f304f5f7a4c797411a37102d,g10_ignore_uniform_filtered_100.pkl

Source,Destination,Attacker,Graph

03a322520931baaf73a3d4ef6976c19a8c3ac7317f20f321c90c7413806e3cc67f,02628ea570ef167daa4de5d967f692df447e2375f53b4351ce464fd5a5852643ab,025e4ddd0c765cdd06bcfc03b7b71a6e8bc9e15729f9543978c0d9b9bb7ef246ed,g10_ignore_uniform_filtered_1000.pkl

Source,Destination,Attacker,Graph

030dc704a457e55983b82dbb67da3c475eaeec88eb346047e8968d3d684f896487,02dbd4dd8cbd7fee2d231cd44a17fb655bbaefe916757712036ff63f7d4ef73fa1,03864ef025fde8fb587d989186ce6a4a186895ee44a926bfc370e2c366597a3f8f,g10_ignore_uniform_filtered_10000.pkl

Source,Destination,Attacker,Graph

03bfe283e94ff0d6df5a9f9ff4f6d7cee6b4b84f158d8cddaad639578fada34485,03a57b59e6a31bef8e83bea2bb9081ca13af55036f04a2bff399b0a266ddc9c097,03864ef025fde8fb587d989186ce6a4a186895ee44a926bfc370e2c366597a3f8f,g10_merge_bimodal_exponential_filtered_10.pkl

Source,Destination,Attacker,Graph

02318d0463d5c45782d61a762f36ba486bc92d3186ab81e853e6345a72b8ea7fb6,0298944d81f6cf529ada80235532981adb414d7d38d0c6307ae0e9698e0031ce84,02abbaa2bce7a353ec0624cfb91d19a3a6024d9bebdd96e79e6f289ea6915790e4,g10_merge_bimodal_exponential_filtered_100.pkl

Source,Destination,Attacker,Graph

02075128534d3cfb7b8c17de20d99710e794d6e3b113defb50ae56b2656b874ac6,02970d3f51e1c4f8516b31380a7c1de9e81e0e76562abe12a2b64d996de7eca3f1,03864ef025fde8fb587d989186ce6a4a186895ee44a926bfc370e2c366597a3f8f,g10_merge_bimodal_exponential_filtered_1000.pkl

Source,Destination,Attacker,Graph

03341ff24de5443439a28af2388df09345f96a9f7e48ccf92e0b761daeffb07d81,02f9b694a7e6a6021a546cb2ffcbecaff3e310594e2995c1a380fe45b788696125,02c996a69b44f43cc0618d9588678f4cc521d3d68bc7d65fab47ec8591fdb8443e,g10_merge_bimodal_exponential_filtered_10000.pkl

Source,Destination,Attacker,Graph

02a714a0dcad8e311b49e6fc438c9cb839fc48a8d1702cb84bfa3a6c08be54ea20,0334c29a37fe5d9d5ab8882855c75745f5b5d29cb2c6424fae138a29b248c6cd64,034153089c1062131bdf63c99e1689ab666c638a73002a8e651fce837b0a883ca9,g10_ignore_bimodal_exponential_filtered_10.pkl

Source,Destination,Attacker,Graph

0251269ad424c00de9b570f5d7490c909da4c13c9512af0dc03b00f7b7ecd5429b,034be84fa9ab4ea9f04f940d44ac6111cc669b4030cd78dc33949847c654fec672,03864ef025fde8fb587d989186ce6a4a186895ee44a926bfc370e2c366597a3f8f,g10_ignore_bimodal_exponential_filtered_100.pkl

Source,Destination,Attacker,Graph

021ee8a7919e75e3b484314aaf495ce47fe916c004013cc99b39e5dc8d8c64b678,034325d1f0149405ac38de4c3504c8a113dc67d79038968f9a311ff5d6e474b9c4,02f1a8c87607f415c8f22c00593002775941dea48869ce23096af27b0cfdcc0b69,g10_ignore_bimodal_exponential_filtered_1000.pkl

Source,Destination,Attacker,Graph

023d70f2f76d283c6c4e58109ee3a2816eb9d8feb40b23d62469060a2b2867b77f,0267586e510d80fab314fbfa091f383b775646e7a87bc9ed8cd59bcded50405d6a,0331e6322818e1e4adab58c2ca2c2e979bbeb4097dfbd80e896c1d874d36ab1148,g10_ignore_bimodal_exponential_filtered_10000.pkl

Source,Destination,Attacker,Graph

021750af59f78e55d1619ad1b8575d795791b12c213f91e625971f8c6fd368c69b,039e05e271f537cfa1c060d2364b960b85bd509ac89bae524e4a01948a07b3e8d1,0364913d18a19c671bb36dd04d6ad5be0fe8f2894314c36a9db3f03c2d414907e1,g10_ignore_bimodal_uniform_filtered_10.pkl

Source,Destination,Attacker,Graph

02c66cca3f86764f117c0de7e4ee7ccf7d2e29a1d15a349f88197bdfa4aacc7f42,026d4a5a0cfa2cf1f6bbf59ea53701e7f8e0a4dfaedefc56760f1d2e86b5d5d615,027100442c3b79f606f80f322d98d499eefcb060599efc5d4ecb00209c2cb54190,g10_ignore_bimodal_uniform_filtered_100.pkl

Source,Destination,Attacker,Graph

02b7e3d0a5aac953d01ab2ed046c4f6dd319a47cc9ce1f4380ccfadbf164c69e23,02208e802b3c514bfe67b3e2190b1340e9172b7556db31d118ffbe68afdf89f103,0284aa8233ee3c0482ecf87c60094cacd15a17feb0bfa59f1898fe91478020eb76,g10_ignore_bimodal_uniform_filtered_1000.pkl

Source,Destination,Attacker,Graph

028b025ed7ebec8a890403cf4b3e130e526ca365502dba53c654f956333c717d79,02b62333c0922fa5542906ca0f98ecadb24de9ef9e259e4a63ac4db33aee8fdc7a,03dab86982d5f9d605e4ba0e04ec163268dce1814ef38a563620608124b469241f,g10_ignore_bimodal_uniform_filtered_10000.pkl

Source,Destination,Attacker,Graph

02ddfd255fd51d4dabe5db2aaea0e19f6525e26fa927887c4a6ae066359f21830f,0382b31dcff337311bf919411c5073c9c9a129890993f94f4a16eaaeffd91c7788,0318ac9faa9629e7da08819bc8fe0dd2ae3044d69b1b2283a63479acffeb968483,g10_ignore_filtered_10.pkl

Source,Destination,Attacker,Graph

02ffc75f4f257178eb33dd524e30bdb92aa9db7bba9ceb0aff635ce8f34733c129,021f89d852ea916b44e640565fbbdd99d8b4bca96d80b402e32ae5cbf9521d062d,0364913d18a19c671bb36dd04d6ad5be0fe8f2894314c36a9db3f03c2d414907e1,g10_ignore_filtered_100.pkl

Source,Destination,Attacker,Graph

0281b8e537e70b535426da81b9fd3bd2034667ede4b1a3dee099b56b1d67284843,0290681a8483f53775eca26674e215890e06a42e389c1cd0f6e0e4f46e8583c48c,020b89502397dede9af0a453e438f611209a91db26d7b5f6de26a43de5ffe6af20,g10_ignore_filtered_1000.pkl

Source,Destination,Attacker,Graph

0295a3588b52f7612b4f07f4c8257991bdb608d4eef8e474d87ba9879bce46f32a,032a4e05b909452a8a21a4b9795b6de44785ae17dcd2ad5b1788f689f36c1cd84d,02f1a8c87607f415c8f22c00593002775941dea48869ce23096af27b0cfdcc0b69,g10_ignore_filtered_10000.pkl

Source,Destination,Attacker,Graph

02d6dba84f80ac8e3c8525965f072ba044fcf3b41da00ca417308a9e2c92069499,03e63687554c84ad919bca6a1eb163e8a45211c9755627b9bf549325ef46602f9c,03cc1d0932bb99b0697f5b5e5961b83ab7fd66f1efc4c9f5c7bad66c1bcbe78f02,g10_ignore_uniform_filtered_10.pkl

Source,Destination,Attacker,Graph

02d57312dec8d0e07d7c3b1826d7a1f5133a0afdbeb5a7804978ebf47621ccb6d4,02eb53d55459b4032a995f729693f6575030a44ac3313ad509b6c3ae0d5c8c1a68,03423790614f023e3c0cdaa654a3578e919947e4c3a14bf5044e7c787ebd11af1a,g10_ignore_uniform_filtered_100.pkl

Source,Destination,Attacker,Graph

03a7d1b00d90bad3ae2d7bc4599326a60d287e509b6106a9728a763d0640d624fb,03a92a92e64eca60c122e87e90c6373e6ce23b171ab6f8f5f24c1512b668629a1a,02f1a8c87607f415c8f22c00593002775941dea48869ce23096af27b0cfdcc0b69,g10_ignore_uniform_filtered_1000.pkl

Source,Destination,Attacker,Graph

03aae60ebc0d009ef1bd3bcd5c66611d66cd235bff9ee7d2ce7ffec89fb369e981,035f6cea030176481dca0aec07d5ae076c2cd652ea34d1d04ce122577c836170a9,03864ef025fde8fb587d989186ce6a4a186895ee44a926bfc370e2c366597a3f8f,g10_ignore_uniform_filtered_10000.pkl

Source,Destination,Attacker,Graph

02b60ffca21d6c5fb784c5e99d895c6cabfc467f1233da38c158accafe5ed4c859,024cbb3e9e824905ea01517a2944d0217935ac809a8e50bd85a26701b0ace59dc8,022a7809052db05fde648391a53aba82286e4a517cff1dd61d52cc58572f481a3b,g10_merge_bimodal_exponential_filtered_10.pkl

Source,Destination,Attacker,Graph
034a550b66d0b57726fda3802695b80a2bfccde88fb4a6acef425f676c9c9b1999,02139c236e0f8e6b0dd11134ac4e363718e254778792ce3031979f457786405a44,03d64e760b4af3698e51eb7ed7d97fbbae41f8cd28c0bcb6851c21207922f6697d,g10_ignore_bimodal_exponential_filtered_10.pkl
Source,Destination,Attacker,Graph
0390cc12f782259427bdc45a283705f4c20ccbdff064ed43f6b74fefcafe9eb1f7,0232f6dcaf2aff68fec5162dbf14661d212f7546b999f3f7722cb166fcdeb09179,035e4ff418fc8b5554c5d9eea66396c227bd429a3251c8cbc711002ba215bfc226,g10_ignore_bimodal_exponential_filtered_100.pkl
Source,Destination,Attacker,Graph
03d01ae1548e4fc8168fdf85aebc8f36a7e361e26d44d1be35d087e3a5461814fb,030363342a470ccd77e91afc45b9dc6a492f921a9a0a34ce96bcb3b024f3f32cb6,038a9e56512ec98da2b5789761f7af8f280baf98a09282360cd6ff1381b5e889bf,g10_ignore_bimodal_exponential_filtered_1000.pkl
Source,Destination,Attacker,Graph
02f6d570c8f4cce182a759fbfb6249d856cf0ad6567ef9c1f1c82c30b18eddbb6d,026a0a7f005c46ae12cf8de3f9bae9c728d418c27bca8c665d10499b37fb83c572,02ebb3b8a2316b3e876ea3f3d8124a3ab97f30b128f619608eb06b5251235dc2d9,g10_ignore_bimodal_exponential_filtered_10000.pkl
Source,Destination,Attacker,Graph
03da8b23c27462eb7011f2d17945aac723a54e42102ae06cbaae1e16144de38b82,03da5b40408bafd195d3b1534dd00a198c71c725857cf1147a7499746f9d6de655,03cfea6e01d8735d29863d0ecc0f637e5da25c3afb1894e6cb1c25cc9c52dbceef,g10_ignore_bimodal_uniform_filtered_10.pkl
Source,Destination,Attacker,Graph
03c42efe1f4de5fbf0cd59664660b9e86e2f69bd3614636028363f72893028b06e,02f2ef56264092d7ad5e2286af6979be59fdd0f3384b37f407fd41fd0c61f6722f,02881003525adb05fef7f73eacc8f31903791ced708a4fc2680de08acae949006a,g10_ignore_bimodal_uniform_filtered_100.pkl
Source,Destination,Attacker,Graph
02c341f9a0140c936bd7be263a4b193f398f4f6c4c3c39aeff8c945455ca35484e,03f549621f35737aa78428cbd271ae04c4a06d68681dedfef06aa6334f2384ce5a,03864ef025fde8fb587d989186ce6a4a186895ee44a926bfc370e2c366597a3f8f,g10_ignore_bimodal_uniform_filtered_1000.pkl
Source,Destination,Attacker,Graph
02d7dae1c8663ddab35f8fb063ea495c4a4e2d1dca1977aff9899410320962672d,02ce014625788a61411398f83c945375663972716029ef9d8916719141dc109a1c,0217890e3aad8d35bc054f43acc00084b25229ecff0ab68debd82883ad65ee8266,g10_ignore_bimodal_uniform_filtered_10000.pkl
Source,Destination,Attacker,Graph
02c830d3de44dc14dc0abe4bf9d4a76dca14f79066d0cb9ee02939adcb43688594,021f17a534c22cb722100154f10f4492cc50404c79fdba3aa6332bcfeadd7d3f7a,02907887f9bfcc9e83512bfdf40ddfdabcb8569786f11ac3e9c52c42d77da3eb6b,g10_ignore_filtered_10.pkl
Source,Destination,Attacker,Graph
024700001dd2f801c6489983b528ae4895e0815b34b60729affd68c4e681ab9f4d,03d5855896faa6d6320e408f11e18b16831f0dddbb3ace4cee79f039d0dea528b4,023e24602891c28a7872ea1ad5c1bb41abe4206ae1599bb981e3278a121e7895d6,g10_ignore_filtered_100.pkl
Source,Destination,Attacker,Graph
02fe58e788640b0cf43ea1568d0d2354ecc3d450298b4779176e1603681a777a42,0336f76c8d1209135699fb1aa3db07634c361c4482210111285234eb28b398fe2d,02a20247f515d978cbf9e9ce6a4287b5931d724068b7b88bbaead6380db3dd8e9a,g10_ignore_filtered_1000.pkl
Source,Destination,Attacker,Graph
03867d29631510e7a84ab06c520660d0a4c53facba726b29612d22e8b9aada3119,02e80f1f135c1999ebcedf8bdd657ac605eaab09c526c06b0c22f038ee111b135f,03864ef025fde8fb587d989186ce6a4a186895ee44a926bfc370e2c366597a3f8f,g10_ignore_filtered_10000.pkl
Source,Destination,Attacker,Graph
02a4acf2042a6527daf094a331005c805146389c7b2272299335c9fbae2da036aa,02e1dad4d396696cb207a524bdf595f1a2e6792d7b990f18cef1ebd1b557bb110f,03c8e5f583585cac1de2b7503a6ccd3c12ba477cfd139cd4905be504c2f48e86bd,g10_ignore_uniform_filtered_10.pkl
Source,Destination,Attacker,Graph
038310c4fcdfb663ac67686b640ca04c756f919143e1f77bce840d70b347ca250d,03e7882ce549d3f8ddb24b6accee327297795fd8d7151f42943cdfc1f5eb87fe9b,021a7a31f03a9b49807eb18ef03046e264871a1d03cd4cb80d37265499d1b726b9,g10_ignore_uniform_filtered_100.pkl
Source,Destination,Attacker,Graph
0255a746e648181de938d66a31bfe873c7ce2b652a8978189770e19c4337bede53,02c29b89b2121b2c1fa2e5422bc70e0bb7ae7326c7a9d2b796ed6b89cdc5a2871b,02f6155b106a9f92a13738833ec7e25da58fab1fdef3ac085571c3984bb277d547,g10_ignore_uniform_filtered_1000.pkl
Source,Destination,Attacker,Graph
03343c35d88647671592aecd37f445b15b4a12d4d9560ba0f765c32184d9ab137a,032b01b7585f781420cd4148841a82831ba37fa952342052cec16750852d4f2dd9,0202e7727ee46d943a44c7bf0dce14220a839630dee67d03446bf935178b55a0df,g10_ignore_uniform_filtered_10000.pkl
Source,Destination,Attacker,Graph
027c5166b40423795c0fc41fc18c944dd95e070582f514450215ed1dc1d98c0afd,02692c2b2e98e48f56f096448fe95b5c1fe3795319d0c420fdac2dfff56bb0b121,035f1498c929d4cefba4701ae36a554691f526ff60b1766badd5a49b3c8b68e1d8,g10_merge_bimodal_exponential_filtered_10.pkl
Source,Destination,Attacker,Graph
039da2a14818e57bf38e9ba7b05e4f61db1c0f7029daaa7dd6c951ea42233f9954,03f1e0761f2f1e0a83a9f831986df0e094e3947b1b645f1e3ca66dbf148cbffbf5,023d70f2f76d283c6c4e58109ee3a2816eb9d8feb40b23d62469060a2b2867b77f,g10_merge_bimodal_exponential_filtered_100.pkl
Source,Destination,Attacker,Graph
035f264f10ff47be33cc779fdc42e48de3f9a6ab9975e7942548dc065623dbfc40,028717084338dfbc3575478a4ca076e2d3f1463e2dd3a0e75d209303ac1a1b3eb1,033ac2f9f7ff643c235cc247c521663924aff73b26b38118a6c6821460afcde1b3,g10_merge_bimodal_exponential_filtered_1000.pkl
Source,Destination,Attacker,Graph
024ee5c6c2ccb1ec26a11ca9dc7f891e3ee2b9036a9e23d83cbadcd93160731659,023f88840786f8d54905062def41872b613a1e192e0c886871011c87e4a03e0793,03864ef025fde8fb587d989186ce6a4a186895ee44a926bfc370e2c366597a3f8f,g10_merge_bimodal_exponential_filtered_10000.pkl
Source,Destination,Attacker,Graph
037bbd966e0939be14083a4bc62b42fa0ad6c5b2fbb3064876f0265787c78a73f7,03000c0eeebc2d5dce3725f4a1c74572529fa3db071f290b6323164f96e2cbefaa,0242a4ae0c5bef18048fbecf995094b74bfb0f7391418d71ed394784373f41e4f3,g10_merge_bimodal_uniform_filtered_10.pkl
Source,Destination,Attacker,Graph
0237a57bb5be91c75597a1ef3fdf3f5dc03590f866007b812516a9cf21b7d36f5a,03b8c3e3a6f131e51021209206565e0befc38bd7b7294d936499a42ed44b78592d,03864ef025fde8fb587d989186ce6a4a186895ee44a926bfc370e2c366597a3f8f,g10_merge_bimodal_uniform_filtered_100.pkl
Source,Destination,Attacker,Graph
03a5d0db685dc1d6e493f77c964327cb94487a864cf24f5da47e914dd132773383,02fd17656f394299d6b455827e406e54dec4f6f99f6b71a8d9785c263b8ab02888,0202f00d5f5c91a3c79113851b162c2b75f2cbd9fb2378fb4a4ce92d5ba1e63e08,g10_merge_bimodal_uniform_filtered_1000.pkl
Source,Destination,Attacker,Graph
0318e47bb5966402f38b7eaeacf0eec0f5407ab3ea8f897c74502bddc113a4451b,03a33b8e08f8b7f73fce0a4a7a349f3b8932068c8ba182756916215ce650ced217,0242a4ae0c5bef18048fbecf995094b74bfb0f7391418d71ed394784373f41e4f3,g10_merge_bimodal_uniform_filtered_10000.pkl
Source,Destination,Attacker,Graph
034d96b3c0de2bb522e56a11979862ffe88777d0d56622ff4d56f78cf738719b57,02f4b30c558bcb3ed13b37b294ec5f0c8308580e3053454411f1c6f058cb48afe8,0349f11a40fe564fabfb49e9b552775b104115bc1a461287e534e93b668f7270e9,g10_merge_filtered_10.pkl
Source,Destination,Attacker,Graph
03077fb48968df38f9decd91c5f4e100c093cbd6d848c2d541f5d1b454db653760,0394fd4cc965e72abedb6a987f0139f0ad686f344a52bb7ab7c57e8804e98701fa,0334c29a37fe5d9d5ab8882855c75745f5b5d29cb2c6424fae138a29b248c6cd64,g10_merge_filtered_100.pkl
Source,Destination,Attacker,Graph
02c67b334c890fb44b6adf69a8db85b7b75560c7adf65cb9cd34ce7e81b1330da0,0312bf5f0279d315fde0a831019ae0a47461e9cfb65376fee367d987ebc72b1e74,02a65c22a0e401a73b1666d03d62b52276b24950e2b723abfa419033fc581b937b,g10_merge_filtered_1000.pkl
Source,Destination,Attacker,Graph
02a98e8c590a1b5602049d6b21d8f4c8861970aa310762f42eae1b2be88372e924,039b221c61da34223a908845bb0adbca3cb2f412ad86c2d5ca66007de5c82cbdb2,0375d274a955463e1f1128ecb1d66fadb11a8152fae83ca20e0abad2acfc5200dc,g10_merge_filtered_10000.pkl
Source,Destination,Attacker,Graph
020f2b226a61d8fb8ddb5f7430ad081e842e9f7960d32a2e8fdadd2c1fcd62ecb7,03c3e9f55581947e501c63aff341cf91bfa6f9b9a31b7581b6da6e0cf6f738aa8c,03864ef025fde8fb587d989186ce6a4a186895ee44a926bfc370e2c366597a3f8f,g10_merge_uniform_filtered_10.pkl
Source,Destination,Attacker,Graph
025b33d04d645a36dc332373df7f7bcfc6306b100bef3ca9500fbaad45c60f68c6,023ac2823d9f672a747db435e6d3fa0915e9d753fd53b2cc442dd95490b557ed80,024b82d69859d63f9fce375041a34e61f4bfd445494b41d873ae7505322323d384,g10_merge_uniform_filtered_100.pkl
Source,Destination,Attacker,Graph
028888989ca03c90f8f03e768eb8706e3a6ad0899675b4a3e063760a6f871430a9,0341570f399503e6cb24c04b6fdf5161827257d4f9dda13ff8ad576bc095c7bb99,03864ef025fde8fb587d989186ce6a4a186895ee44a926bfc370e2c366597a3f8f,g10_merge_uniform_filtered_1000.pkl
Source,Destination,Attacker,Graph
03a21c0c2a4fdc1179f07710c32fe49804d3e2b0b1bdc760dc11cbf116da3bb363,0247ca1eb1edc77ce750fb87cea23c7b954b542f5e97ecacfe72d0bf4c1fb4a7b6,027f9a4a62e4a6ee29b1b64fb9fd752c5b930927bfe47623056c210a4d3eb580d7,g10_merge_uniform_filtered_10000.pkl
Source,Destination,Attacker,Graph
031df9367377758ef6a167f218023c5a1dcf3994d3e96327d32f0f008548fe4236,03bb049dbfb5788b2e240ac03149fa91f3892832b77c7737ca03dbaf7ca79a6190,02c91d6aa51aa940608b497b6beebcb1aec05be3c47704b682b3889424679ca490,g10_ignore_bimodal_exponential_filtered_10.pkl
Source,Destination,Attacker,Graph
0203cc3f99c736d6b21f269bc23ffa40bf7e195fd3f7e13bade84b44408a009b60,021859ea7461ad23fb79a21638c6ad1e7f4c9c7980241bc17d99526025e5f84580,03864ef025fde8fb587d989186ce6a4a186895ee44a926bfc370e2c366597a3f8f,g10_ignore_bimodal_exponential_filtered_100.pkl
Source,Destination,Attacker,Graph
03f72d1183db73532084d7e9290a78e36a796b334677b2f68bc4312de4f89d9c80,031054617ea79560ebe492873a1cc0f49d8466d10870a0731ab4e4beb4343909cc,0294ac3e099def03c12a37e30fe5364b1223fd60069869142ef96580c8439c2e0a,g10_ignore_bimodal_exponential_filtered_1000.pkl
Source,Destination,Attacker,Graph
028524789b5688c47371d74130f8284c7c6bf53928c95d441d36018934f3b3afe1,034ea80f8b148c750463546bd999bf7321a0e6dfc60aaf84bd0400a2e8d376c0d5,02d5246fa6bccbb80732146e198d243c49348a29d847ca8486742f5bbec158744f,g10_ignore_bimodal_exponential_filtered_10000.pkl
Source,Destination,Attacker,Graph
02e6017126c1fed99c29d560454767638a83ab7be4856408274a78c087e62cb6ef,022068d13dd2813e4bbfd72f1e5a27e3c04ce23362e8491d87006e9741c8695f9b,03864ef025fde8fb587d989186ce6a4a186895ee44a926bfc370e2c366597a3f8f,g10_ignore_bimodal_uniform_filtered_10.pkl
Source,Destination,Attacker,Graph
0303e0423fd2c40d73978b03069f63d6ca5ae1abf61f5666bbbea886181f21e8e3,0293c45ed2e3276c6dee9a23720b5c674abe42f1dd4c4f6f893e4e482fb66397a0,02f34c4d491da2bc4cd070d35ee39aa6cd8ae91ebd24f2033708194a4e6d3bd801,g10_ignore_bimodal_uniform_filtered_100.pkl
Source,Destination,Attacker,Graph
029d871293231607a51fc666f59eff109d20ca6dd2324431ac4eeeb40d2bfaa912,02770192843b606047a01cbcb5dfa5c420299b041b33bed7fba26a55c2851dc9bb,03cde60a6323f7122d5178255766e38114b4722ede08f7c9e0c5df9b912cc201d6,g10_ignore_bimodal_uniform_filtered_1000.pkl
Source,Destination,Attacker,Graph
02eb34848fd68058c2ed4fcf867c9485982ec37cc21e30aab0749be795f8d9addf,035d5460df729d1dd3f2a86ff986b86ba40a7f3043c41e5c42f4cc1a3f142dad14,0340cfadaa3324e0dd176a9969be050114278f93260e1b6333bd2a2a2ea03c64a3,g10_ignore_bimodal_uniform_filtered_10000.pkl
Source,Destination,Attacker,Graph
03ab5c1de60b2dbdfdce26acdb0074bd8b3b586082d36fb33ec4e70027d439cbb6,021ee8a7919e75e3b484314aaf495ce47fe916c004013cc99b39e5dc8d8c64b678,0364913d18a19c671bb36dd04d6ad5be0fe8f2894314c36a9db3f03c2d414907e1,g10_ignore_filtered_10.pkl
Source,Destination,Attacker,Graph
0202d9f3575d6b788235dc617262ee3bb2d4c3c740adae6e98016bc1396e1a279f,0241c1e8699a17cf1ab3a23a22baa9e80920c663738a323d295b2e018fb62b2bc6,0202e7727ee46d943a44c7bf0dce14220a839630dee67d03446bf935178b55a0df,g10_ignore_filtered_100.pkl
Source,Destination,Attacker,Graph
022be9317c82371b76a8e57f96139fc9537f0cee52c649488405072c8c7ab4d601,03c9ab44d7ebcb3a10558f099a3ed01df63fce062d9c2b677209b4db4c15f1d1ba,035e4ff418fc8b5554c5d9eea66396c227bd429a3251c8cbc711002ba215bfc226,g10_ignore_filtered_1000.pkl
Source,Destination,Attacker,Graph
0281d6f21551b0e2f733948bcd0ee5fcd258f949d0ab8d2c1418737d55dce2b88a,022c2e439f25adb469b161cbed4f9e0a44c05c952ed350619c309bec0480461a79,026165850492521f4ac8abd9bd8088123446d126f648ca35e60f88177dc149ceb2,g10_ignore_filtered_10000.pkl
Source,Destination,Attacker,Graph
02576fad580a229641351ac6505dc1086415d1162b150a63ec8f560115d60af3fc,039bbed4e84f9060ebd72ebcee96458d252a8318bcdc022751844c77b1c1c79e12,0276499dd9775f36cf95506c16e14ed6ec4cf230e8e5d341a441e1190d3f9e1e4f,g10_ignore_uniform_filtered_10.pkl
Source,Destination,Attacker,Graph
028091ad2b157f76f8be07594d6b884f707d9237bc1dff5bf412cdba9af75c193d,02b2ae15001601b74eee8ddbd036315c5fbd415b24f88f24d5266820169dfd13de,03864ef025fde8fb587d989186ce6a4a186895ee44a926bfc370e2c366597a3f8f,g10_ignore_uniform_filtered_100.pkl
Source,Destination,Attacker,Graph
03a9ad6b1e544f6fb56a4d2bd406ebcd80dcc3461eba3e4ad47b8087a4da92988c,03a3d9e29bdea577fc8708056245986945ee5234d98a56cd67428094483668ebb4,0242a4ae0c5bef18048fbecf995094b74bfb0f7391418d71ed394784373f41e4f3,g10_ignore_uniform_filtered_1000.pkl
