Type,Node,Probability
Source,0222c672f55d009fbc56fbae6769a37e95d8a3c962101f902ecbc0b9162d985a16,0.3333333333333333
Probability of Source 0222c672f55d009fbc56fbae6769a37e95d8a3c962101f902ecbc0b9162d985a16: 0.3333333333333333
Source,03a78b0b4a66f53981baae6c29c1861d68ce29dd6391ce73c3e174b9128c24f193,0.3333333333333333
Probability of Source 03a78b0b4a66f53981baae6c29c1861d68ce29dd6391ce73c3e174b9128c24f193: 0.3333333333333333
Source,03afd28a34bb21fb585787ec47f87b9880559f90cf4ff636fd22f8ab2b6cad2418,0.3333333333333333
Probability of Source 03afd28a34bb21fb585787ec47f87b9880559f90cf4ff636fd22f8ab2b6cad2418: 0.3333333333333333
Destination,02e9046555a9665145b0dbd7f135744598418df7d61d3660659641886ef1274844,1.0
Probability of Destination 02e9046555a9665145b0dbd7f135744598418df7d61d3660659641886ef1274844: 1.0

Most Probable Source: 0222c672f55d009fbc56fbae6769a37e95d8a3c962101f902ecbc0b9162d985a16, Most Probable Destination: 02e9046555a9665145b0dbd7f135744598418df7d61d3660659641886ef1274844

Average probability of source: 0.25
Average probability of destination: 0.5

Summary,,
Most Probable Source,0222c672f55d009fbc56fbae6769a37e95d8a3c962101f902ecbc0b9162d985a16,
Most Probable Destination,02e9046555a9665145b0dbd7f135744598418df7d61d3660659641886ef1274844,
Average Source Probability,,0.25
Average Destination Probability,,0.5
