 file,avg_source_probability,avg_destination_probability,most_probable_source,most_probable_destination
g10_ignore_bimodal_exponential_filtered_10.csv,0.013513513513513506,0.5,02ec20f34bb94460f3d63780dfc24a4d4a1ddabc3bd86c09e1830c5b5db08953e5,03de68d2d4ced8dd71f0e245b96dc0079823941becad017e82313cf44016c1a71e
g10_ignore_bimodal_exponential_filtered_100.csv,0.5,0.003816793893129776,02e8ff7cf72482fec25e7d07f2d1c0f880ec4d0e372da0f9db7c42c0025b919602,0372aa928f48eb664eded0773829c1dcd7fccfbda81e1b99410ae91d6708fd39ee
g10_ignore_bimodal_exponential_filtered_1000.csv,0.035714285714285705,0.05,0364913d18a19c671bb36dd04d6ad5be0fe8f2894314c36a9db3f03c2d414907e1,0355a43ef6fc181bbc5146fa8e5926b91cd7adbb3ce192e69eb0b64b2ff42dcb53
g10_ignore_bimodal_exponential_filtered_10000.csv,0.5,0.019607843137254916,0352eb176b4c40cb195e8ffc009caacfe0d02ae0c0379f603037eaa278d2e3f342,02eef44bb2092b9327d7e16cca6ece40b9d35a64301b3c3e42e9357ecc0ac56faa
g10_ignore_bimodal_uniform_filtered_10.csv,0.1111111111111111,0.25,02c095d069538f96bf14c5f90f6c0851bdf354a0ec86039a24bf38a73f705adc2c,033fc997c1622281b143fce0cce0711f18fdc8129684840b835d6a4c5ef9d49ddf
g10_ignore_bimodal_uniform_filtered_100.csv,0.010416666666666687,0.015624999999999998,03214d3213d6da40265099466f500d8f4812ce2c23af027b994484dbe932444b9e,02c376e54ff08c4ab3c94e9a5cebdef2c367d29a428b9f9bd3427b7708451532fc
g10_ignore_bimodal_uniform_filtered_1000.csv,0.5,0.005405405405405426,03f576c4fe7ec82a459dbc194b33b55f4e9a606442f69364a90e18f7bea9e4b414,037f6c805dfef7a0f01cca0abcea96352a32aa478c63c974bc2e726cad8d026a89
g10_ignore_bimodal_uniform_filtered_10000.csv,0.012195121951219528,0.011235955056179775,02cc79b8d771cc79d323bd71e54ef1780cab50e7c0ef2a4beb625fc9dcbbcc6d24,0217890e3aad8d35bc054f43acc00084b25229ecff0ab68debd82883ad65ee8266
g10_ignore_filtered_10.csv,0.01818181818181818,0.5,030c3f19d742ca294a55c00376b3b355c3c90d61c6b6b39554dbc7ac19b141c14f,032d9f76e3fcc736734a0fae90fe88218f690c0e9e2d5cc985e5922d5d6767eef4
g10_ignore_filtered_100.csv,0.008928571428571449,0.25,0340cfadaa3324e0dd176a9969be050114278f93260e1b6333bd2a2a2ea03c64a3,021c26488cc56c17fb81938b95e680463ed9cc352243b40842dfc4732753b52a2c
g10_ignore_filtered_1000.csv,0.5,0.0014144271570014288,0273c78077c749797ea4fb3dae572197d3a04425ace0f97e6e1b4dc1e85e250f9e,024b3fd205db7b0f84b292173900cb423cfdb4c5bd5a889a462b7b1e35394f056c
g10_ignore_filtered_10000.csv,0.5,0.0003809523809523722,02d9c6b45269a39db88b4a1d10094edc078c3e3b4b8bb7b5a228aeb8f621b6d1a1,020c92d71dfe47d49d322eed910064787973dff96c05a39d75a75d7e8f33aead4c
g10_ignore_uniform_filtered_10.csv,0.2,0.3333333333333333,039f5888701d162da5c6fda161521aea1df813d845405f964ec54bc432b3ce4879,02d4b432058ec31e38f6f35d22a487b7db04c4bf70f201f601b66f7b4358242b03
g10_ignore_uniform_filtered_100.csv,0.0014471780028943743,0.5,03864ef025fde8fb587d989186ce6a4a186895ee44a926bfc370e2c366597a3f8f,024c346dad06e67fab399d18b9ec416064660ba2b3cfe8b3e36d3743d4b85456b1
g10_ignore_uniform_filtered_1000.csv,0.00021061499578767934,0.5,0335dc0160c4995be2a6e4abad424ebb1db656c492f36145e8ff26604efbf0a5f7,03a322520931baaf73a3d4ef6976c19a8c3ac7317f20f321c90c7413806e3cc67f
g10_ignore_uniform_filtered_10000.csv,0.5,0.008264462809917335,02bfafa3d4bddee3467a6163eb6ee540cf04723267c2955e053a4f33d03b898bbc,028b025ed7ebec8a890403cf4b3e130e526ca365502dba53c654f956333c717d79
g10_merge_bimodal_exponential_filtered_10.csv,0.021739130434782615,0.000160926939169623,03b1be68b8f564fe53f5456cf4bec901ba968fb72ed7291279ab0c87e0d22f1f49,036e963739bfa62afad807c9ffb195868a1a2ed697d74ffc2d80f556e46f98c0e8
g10_merge_bimodal_exponential_filtered_100.csv,0.00014874312063066012,0.015624999999999977,03864ef025fde8fb587d989186ce6a4a186895ee44a926bfc370e2c366597a3f8f,03e35a27fa8bfad8675aeb9e96530e7b00e6fa03b571d235f6b4e68cfb4ef9097c
g10_merge_bimodal_exponential_filtered_1000.csv,0.5,0.005988023952095829,03493cf9581953cfeac6f19558bd5ae593971b8c8752104ce8d7f78f348c98e862,03423790614f023e3c0cdaa654a3578e919947e4c3a14bf5044e7c787ebd11af1a
g10_merge_bimodal_exponential_filtered_10000.csv,0.14285714285714282,0.01030927835051545,02cce866b659a12f14e29efccc3c240eaa16bfee3c763bdfddc9808244738c4cb3,02cc79b8d771cc79d323bd71e54ef1780cab50e7c0ef2a4beb625fc9dcbbcc6d24
g10_merge_bimodal_uniform_filtered_10.csv,0.043478260869565216,0.013698630136986299,02c119d2fd2e98a88f50d0d2ee4213255b7b8ec2be3a95f9aabd6afb09dd25b083,03ca00a1f345ab6e1ed6a0756156ce1710861c6a61fcdd0bb62332c4e5e0685db1
g10_merge_bimodal_uniform_filtered_100.csv,0.08333333333333333,0.5,029fe435040c8b665f731f2b0c81d039238ef1e3a1b1de0afac2b476361a26d675,03b5006b578f5b113d8031c6a671ae1e135e0de4c010087e26ee7442e10cb563c5
g10_merge_bimodal_uniform_filtered_1000.csv,0.00016504373659019826,0.025641025641025637,0228cc784d015731cc0c5dc2163c8bb856f59feb3234ce813edeccf2e26733c32d,03b1be68b8f564fe53f5456cf4bec901ba968fb72ed7291279ab0c87e0d22f1f49
g10_merge_bimodal_uniform_filtered_10000.csv,0.25,0.3333333333333333,022e5fb4aacd3d96555c3b0a9481a2d8b64d20603fb94661eda206f970b956078f,02c8d72638ddf8d20774500d64118acdda6d2ce4854257ae7ed114941dcf58914a
g10_merge_filtered_10.csv,0.00015895724050230274,0.023255813953488382,0322d0e43b3d92d30ed187f4e101a9a9605c3ee5fc9721e6dac3ce3d7732fbb13e,03b1be68b8f564fe53f5456cf4bec901ba968fb72ed7291279ab0c87e0d22f1f49
g10_merge_filtered_100.csv,0.0016611295681063112,0.0018450184501845035,034a5fdb2df3ce1bfd2c2aca205ce9cfeef1a5f4af21b0b5e81c453080c30d7683,02f1a8c87607f415c8f22c00593002775941dea48869ce23096af27b0cfdcc0b69
g10_merge_filtered_1000.csv,0.5,0.05555555555555555,02754df212918e119f425d4498a0bcbf1ef91de9586ae5330d7844f0c370ac89fd,034201357a0c4bf1d78c905a06054945574a44be0bf0cd8630e273fdc0918ae6ae
g10_merge_filtered_10000.csv,0.06250000000000001,0.00014255167498220092,03eb160b3088da74af0edcd8cada588aca23a3f251eb6bc2a57cb75ca93fbdf0cd,033ac2f9f7ff643c235cc247c521663924aff73b26b38118a6c6821460afcde1b3
g10_merge_uniform_filtered_10.csv,0.00014086491055078246,0.14285714285714285,0242a4ae0c5bef18048fbecf995094b74bfb0f7391418d71ed394784373f41e4f3,038525acf733137b782116669f512116f717d4cddcd065cb4f9da73aa653794d46
g10_merge_uniform_filtered_100.csv,0.038461538461538464,0.012048192771084326,02ceb27f3d4e32b83f37dff8bad8cc802dc0f380ca0193e90514ae25bc32c7542e,03f84b4d4de050515ac58dd2b0ccf2c10d6a69178d9b0e0c70066d0d8cffedddd4
g10_merge_uniform_filtered_1000.csv,0.011363636363636347,0.1111111111111111,03c281e9c640d8ccdeeb600b517cf73f127f2bdc313b3d857a24409a52108fbeac,039bd6ad6e5da4fd0774023233b818e5c930a2224d70d84366840bd9476232711b
g10_merge_uniform_filtered_10000.csv,0.02857142857142857,0.00018281535648994202,03fab7f8655169ea77d9691d4bd359e97782cb6177a6f76383994ed9c262af97a5,0309b984e585af52d4f95816d99eb9dcc62fdc1c3df4fd68865f88121a8d256170
